PC,Proportion.Variance.Explained
1,0.027163527307856462
2,0.004352360633801223
3,0.0033908022321205203
4,0.0031797072085811193
5,0.002302693280475574
6,0.00207195016768761
7,0.0017725063935810593
8,0.0015051329995359108
9,0.0014409020753740776
10,0.001293774122821117
