{"spot_diameter_fullres": 71.50812922491312, "tissue_hires_scalef": 0.21351553, "fiducial_diameter_fullres": 115.51313182485964, "tissue_lowres_scalef": 0.06405466}